Workbook

Sheet Raw Data
A1: Date | B1: Product | C1: Category | D1: Quantity | E1: Unit Price | F1: Total Sales
A2: 46030 | B2: Laptop | C2: Electronics | D2: 2 | E2: 50000 | F2: 100000
A3: 46030 | B3: Mouse | C3: Accessories | D3: 5 | E3: 800 | F3: =D3*E3 -> 4000
A4: 46061 | B4: Keyboard | C4: Accessories | D4: 3 | E4: 1500 | F4: =D4*E4 -> 4500
A5: 46089 | B5: Monitor | C5: Electronics | D5: 2 | E5: 12000 | F5: =D5*E5 -> 24000
A6: 46120 | B6: Headphones | C6: Accessories | D6: 4 | E6: 2500 | F6: =D6*E6 -> 10000
A7: 46150 | B7: Laptop | C7: Electronics | D7: 1 | E7: 50000 | F7: =D7*E7 -> 50000
A8: 46181 | B8: Mouse | C8: Accessories | D8: 10 | E8: 800 | F8: =D8*E8 -> 8000
A9: 46211 | B9: Keyboard | C9: Accessories | D9: 5 | E9: 1500 | F9: =D9*E9 -> 7500
A10: 46242 | B10: Monitor | C10: Electronics | D10: 3 | E10: 12000 | F10: =D10*E10 -> 36000
A11: 46273 | B11: Headphones | C11: Accessories | D11: 2 | E11: 2500 | F11: =D11*E11 -> 5000

Sheet Summary
A1: Sales Summary
A3: Metric | B3: Total Sales
A4: Overall Sales | B4: =SUM('Raw Data'!F2:F100) -> 249000
A6: Daily Sales Summary | D6: Weekly Sales Summary
A7: Date | B7: Daily Sales | D7: Week Start | E7: Week End | F7: Weekly Sales
A8: 46030 | B8: =SUMIFS('Raw Data'!$F$2:$F$100,'Raw Data'!$A$2:$A$100,A8) -> 104000 | D8: 46030 | E8: 46211 | F8: =SUMPRODUCT(('Raw Data'!$A$2:$A$100>=D8)*('Raw Data'!$A$2:$A$100<=E8)*'Raw Data'!$F$2:$F$100) -> 208000
A9: 46061 | B9: =SUMIFS('Raw Data'!$F$2:$F$100,'Raw Data'!$A$2:$A$100,A9) -> 4500 | D9: 46242 | E9: 14/08/2026 | F9: =SUMPRODUCT(('Raw Data'!$A$2:$A$100>=D9)*('Raw Data'!$A$2:$A$100<=E9)*'Raw Data'!$F$2:$F$100) -> 41000
A10: 46089 | B10: =SUMIFS('Raw Data'!$F$2:$F$100,'Raw Data'!$A$2:$A$100,A10) -> 24000
A11: 46120 | B11: =SUMIFS('Raw Data'!$F$2:$F$100,'Raw Data'!$A$2:$A$100,A11) -> 10000
A12: 46150 | B12: =SUMIFS('Raw Data'!$F$2:$F$100,'Raw Data'!$A$2:$A$100,A12) -> 50000 | D12: Monthly Sales Summary
A13: 46181 | B13: =SUMIFS('Raw Data'!$F$2:$F$100,'Raw Data'!$A$2:$A$100,A13) -> 8000 | D13: Month | E13: Monthly Sales
A14: 46211 | B14: =SUMIFS('Raw Data'!$F$2:$F$100,'Raw Data'!$A$2:$A$100,A14) -> 7500 | D14: 46235 | E14: =SUM(B8:B17) -> 249000
A15: 46242 | B15: =SUMIFS('Raw Data'!$F$2:$F$100,'Raw Data'!$A$2:$A$100,A15) -> 36000
A16: 46273 | B16: =SUMIFS('Raw Data'!$F$2:$F$100,'Raw Data'!$A$2:$A$100,A16) -> 5000
